{
  "speed": {
    "query_times": [
      0.013151931762695312,
      0.009946775436401368,
      0.008237552642822266,
      0.008099079132080078,
      0.007600021362304687,
      0.00887451171875,
      0.008344554901123047,
      0.008349800109863281,
      0.008770895004272462,
      0.00857248306274414,
      0.009906578063964843,
      0.01013789176940918,
      0.009749460220336913,
      0.009391403198242188,
      0.010300636291503906
    ],
    "avg_scores": [
      0,
      0,
      0,
      0,
      0,
      0,
      0,
      0,
      0,
      0,
      0,
      0,
      0,
      0,
      0
    ],
    "total_time": 0.6983950138092041,
    "queries_tested": 15
  },
  "quality": {
    "top_k_performance": {},
    "score_distributions": {}
  },
  "content_analysis": {
    "content_type_distribution": {
      "unknown": {
        "count": 1669,
        "percentage": 100.0
      }
    },
    "performance_by_type": {}
  },
  "system_info": {
    "total_chunks": 1669,
    "vectorizer_features": 10000,
    "test_queries": 15
  }
}